scenario,scale,n_items,algorithm,trial,time_s
original,1,18,FirstFit,1,2.1199986804276705e-05
original,1,18,FirstFit,2,1.479999627918005e-05
original,1,18,FirstFit,3,1.3499986380338669e-05
original,1,18,BestFit,1,2.2300053387880325e-05
original,1,18,BestFit,2,1.6700010746717453e-05
original,1,18,BestFit,3,1.650000922381878e-05
original,1,18,FFD,1,3.15000070258975e-05
original,1,18,FFD,2,2.7099973522126675e-05
original,1,18,FFD,3,2.659996971487999e-05
original,1,18,Knapsack,1,0.002050100010819733
original,1,18,Knapsack,2,0.0014935999643057585
original,1,18,Knapsack,3,0.0014220000011846423
original,1,18,BnB,1,0.00016639998648315668
original,1,18,BnB,2,0.00013960001524537802
original,1,18,BnB,3,0.00012959999730810523
original,2,36,FirstFit,1,2.570002106949687e-05
original,2,36,FirstFit,2,2.269999822601676e-05
original,2,36,FirstFit,3,2.19999928958714e-05
original,2,36,BestFit,1,2.7100031729787588e-05
original,2,36,BestFit,2,2.500001573935151e-05
original,2,36,BestFit,3,2.4500011932104826e-05
original,2,36,FFD,1,6.400002166628838e-05
original,2,36,FFD,2,6.220000796020031e-05
original,2,36,FFD,3,6.180000491440296e-05
original,2,36,Knapsack,1,0.0048537999973632395
original,2,36,Knapsack,2,0.0049168000114150345
original,2,36,Knapsack,3,0.005211699986830354
original,2,36,BnB,1,0.0015489000361412764
original,2,36,BnB,2,0.0011198999709449708
original,2,36,BnB,3,0.0010701999999582767
original,5,90,FirstFit,1,0.00010040000779554248
original,5,90,FirstFit,2,9.579997276887298e-05
original,5,90,FirstFit,3,9.519996820017695e-05
original,5,90,BestFit,1,9.980000322684646e-05
original,5,90,BestFit,2,8.810003055259585e-05
original,5,90,BestFit,3,8.980004349723458e-05
original,5,90,FFD,1,0.00035749998642131686
original,5,90,FFD,2,0.0003538000164553523
original,5,90,FFD,3,0.00035390001721680164
original,5,90,Knapsack,1,0.025619500025641173
original,5,90,Knapsack,2,0.02544040000066161
original,5,90,Knapsack,3,0.02452640002593398
original,5,90,BnB,1,0.001960400026291609
original,5,90,BnB,2,0.0010325000039301813
original,5,90,BnB,3,0.00106519996188581
original,10,180,FirstFit,1,0.0003381000133231282
original,10,180,FirstFit,2,0.00036880001425743103
original,10,180,FirstFit,3,0.0003600000054575503
original,10,180,BestFit,1,0.00033249997068196535
original,10,180,BestFit,2,0.00034389999927952886
original,10,180,BestFit,3,0.00031679996754974127
original,10,180,FFD,1,0.00138079997850582
original,10,180,FFD,2,0.0013645000290125608
original,10,180,FFD,3,0.0014122999855317175
original,10,180,Knapsack,1,0.09775509999599308
original,10,180,Knapsack,2,0.09188909997465089
original,10,180,Knapsack,3,0.09482150000985712
original,10,180,BnB,1,0.003934399981517345
original,10,180,BnB,2,0.005213500000536442
original,10,180,BnB,3,0.0053650999907404184
small_first,1,18,FirstFit,1,1.4699995517730713e-05
small_first,1,18,FirstFit,2,1.2699980288743973e-05
small_first,1,18,FirstFit,3,1.1300027836114168e-05
small_first,1,18,BestFit,1,2.010003663599491e-05
small_first,1,18,BestFit,2,1.5300000086426735e-05
small_first,1,18,BestFit,3,1.550000160932541e-05
small_first,1,18,FFD,1,3.739999374374747e-05
small_first,1,18,FFD,2,4.029995761811733e-05
small_first,1,18,FFD,3,3.400002606213093e-05
small_first,1,18,Knapsack,1,0.0011334000155329704
small_first,1,18,Knapsack,2,0.0010804000194184482
small_first,1,18,Knapsack,3,0.0010356999700888991
small_first,1,18,BnB,1,0.00017319998005405068
small_first,1,18,BnB,2,0.0001610000035725534
small_first,1,18,BnB,3,0.00015700003132224083
small_first,2,36,FirstFit,1,2.4300010409206152e-05
small_first,2,36,FirstFit,2,2.2499996703118086e-05
small_first,2,36,FirstFit,3,2.1599989850074053e-05
small_first,2,36,BestFit,1,2.9600050766021013e-05
small_first,2,36,BestFit,2,2.6900030206888914e-05
small_first,2,36,BestFit,3,2.670002868399024e-05
small_first,2,36,FFD,1,8.77000275067985e-05
small_first,2,36,FFD,2,8.640001760795712e-05
small_first,2,36,FFD,3,8.590001380071044e-05
small_first,2,36,Knapsack,1,0.0035004999954253435
small_first,2,36,Knapsack,2,0.004078500031027943
small_first,2,36,Knapsack,3,0.004601100052241236
small_first,2,36,BnB,1,0.0017396999755874276
small_first,2,36,BnB,2,0.001417500025127083
small_first,2,36,BnB,3,0.0012800999684259295
small_first,5,90,FirstFit,1,9.729998419061303e-05
small_first,5,90,FirstFit,2,8.960004197433591e-05
small_first,5,90,FirstFit,3,8.74000252224505e-05
small_first,5,90,BestFit,1,0.00010389997623860836
small_first,5,90,BestFit,2,9.520002640783787e-05
small_first,5,90,BestFit,3,0.00014209997607395053
small_first,5,90,FFD,1,0.00042400002712383866
small_first,5,90,FFD,2,0.0003943000338040292
small_first,5,90,FFD,3,0.00038159999530762434
small_first,5,90,Knapsack,1,0.02108050003880635
small_first,5,90,Knapsack,2,0.02011420001508668
small_first,5,90,Knapsack,3,0.021843700029421598
small_first,5,90,BnB,1,0.0011903999838978052
small_first,5,90,BnB,2,0.0010992999887093902
small_first,5,90,BnB,3,0.0010683999862521887
small_first,10,180,FirstFit,1,0.00031099998159334064
small_first,10,180,FirstFit,2,0.000291000003926456
small_first,10,180,FirstFit,3,0.0002906000008806586
small_first,10,180,BestFit,1,0.00028690003091469407
small_first,10,180,BestFit,2,0.00027169997338205576
small_first,10,180,BestFit,3,0.00028390000807121396
small_first,10,180,FFD,1,0.0014734999858774245
small_first,10,180,FFD,2,0.001444699999410659
small_first,10,180,FFD,3,0.0014613000093959272
small_first,10,180,Knapsack,1,0.08348520001163706
small_first,10,180,Knapsack,2,0.08289679995505139
small_first,10,180,Knapsack,3,0.08362569997552782
small_first,10,180,BnB,1,0.0039243000210262835
small_first,10,180,BnB,2,0.0039026999729685485
small_first,10,180,BnB,3,0.0033971999655477703
mixed_adversarial,1,18,FirstFit,1,1.090002479031682e-05
mixed_adversarial,1,18,FirstFit,2,8.700008038431406e-06
mixed_adversarial,1,18,FirstFit,3,8.000002708286047e-06
mixed_adversarial,1,18,BestFit,1,1.479999627918005e-05
mixed_adversarial,1,18,BestFit,2,1.0800024028867483e-05
mixed_adversarial,1,18,BestFit,3,1.0500021744519472e-05
mixed_adversarial,1,18,FFD,1,2.3300002794712782e-05
mixed_adversarial,1,18,FFD,2,2.0200037397444248e-05
mixed_adversarial,1,18,FFD,3,1.9900035113096237e-05
mixed_adversarial,1,18,Knapsack,1,0.0012830999912694097
mixed_adversarial,1,18,Knapsack,2,0.0012552000116556883
mixed_adversarial,1,18,Knapsack,3,0.001240900019183755
mixed_adversarial,1,18,BnB,1,0.0001653000363148749
mixed_adversarial,1,18,BnB,2,0.00012939999578520656
mixed_adversarial,1,18,BnB,3,0.0001246000174432993
mixed_adversarial,2,36,FirstFit,1,2.2899999748915434e-05
mixed_adversarial,2,36,FirstFit,2,2.1299987565726042e-05
mixed_adversarial,2,36,FirstFit,3,2.0300038158893585e-05
mixed_adversarial,2,36,BestFit,1,2.629996743053198e-05
mixed_adversarial,2,36,BestFit,2,2.4499953724443913e-05
mixed_adversarial,2,36,BestFit,3,2.4699955247342587e-05
mixed_adversarial,2,36,FFD,1,6.890000076964498e-05
mixed_adversarial,2,36,FFD,2,7.079995702952147e-05
mixed_adversarial,2,36,FFD,3,6.620003841817379e-05
mixed_adversarial,2,36,Knapsack,1,0.004370199982076883
mixed_adversarial,2,36,Knapsack,2,0.0043397999834269285
mixed_adversarial,2,36,Knapsack,3,0.0043126000091433525
mixed_adversarial,2,36,BnB,1,0.0011475000064820051
mixed_adversarial,2,36,BnB,2,0.0010912999860011041
mixed_adversarial,2,36,BnB,3,0.0012906999909318984
mixed_adversarial,5,90,FirstFit,1,9.859999408945441e-05
mixed_adversarial,5,90,FirstFit,2,9.590003173798323e-05
mixed_adversarial,5,90,FirstFit,3,9.499996667727828e-05
mixed_adversarial,5,90,BestFit,1,9.940000018104911e-05
mixed_adversarial,5,90,BestFit,2,0.00010070001007989049
mixed_adversarial,5,90,BestFit,3,9.019998833537102e-05
mixed_adversarial,5,90,FFD,1,0.00042830000165849924
mixed_adversarial,5,90,FFD,2,0.0003776999656111002
mixed_adversarial,5,90,FFD,3,0.0003784999717026949
mixed_adversarial,5,90,Knapsack,1,0.023901499982457608
mixed_adversarial,5,90,Knapsack,2,0.02380629995604977
mixed_adversarial,5,90,Knapsack,3,0.023539299960248172
mixed_adversarial,5,90,BnB,1,0.001114899991080165
mixed_adversarial,5,90,BnB,2,0.0010585000272840261
mixed_adversarial,5,90,BnB,3,0.0010535000474192202
mixed_adversarial,10,180,FirstFit,1,0.0003655000473372638
mixed_adversarial,10,180,FirstFit,2,0.00032570003531873226
mixed_adversarial,10,180,FirstFit,3,0.00032320001628249884
mixed_adversarial,10,180,BestFit,1,0.0002671999973244965
mixed_adversarial,10,180,BestFit,2,0.0002610000083222985
mixed_adversarial,10,180,BestFit,3,0.0002604000037536025
mixed_adversarial,10,180,FFD,1,0.0014248000225052238
mixed_adversarial,10,180,FFD,2,0.0014441999956034124
mixed_adversarial,10,180,FFD,3,0.0014230000087991357
mixed_adversarial,10,180,Knapsack,1,0.09638370003085583
mixed_adversarial,10,180,Knapsack,2,0.08861989999422804
mixed_adversarial,10,180,Knapsack,3,0.09011230000760406
mixed_adversarial,10,180,BnB,1,0.0035186000168323517
mixed_adversarial,10,180,BnB,2,0.0034832999808713794
mixed_adversarial,10,180,BnB,3,0.004558099957648665
